{
  "best_global_step": null,
  "best_metric": null,
  "best_model_checkpoint": null,
  "epoch": 0.026716537536735238,
  "eval_steps": 100.0,
  "global_step": 200,
  "is_hyper_param_search": false,
  "is_local_process_zero": true,
  "is_world_process_zero": true,
  "log_history": [
    {
      "clip_ratio/high_max": 0.0,
      "clip_ratio/high_mean": 0.0,
      "clip_ratio/low_mean": 0.0,
      "clip_ratio/low_min": 0.0,
      "clip_ratio/region_mean": 0.0,
      "completions/clipped_ratio": 0.0,
      "completions/max_length": 180.0,
      "completions/mean_length": 132.0,
      "completions/min_length": 90.0,
      "epoch": 0.0001335826876836762,
      "frac_reward_zero_std": 0.5,
      "grad_norm": 0.12145467847585678,
      "kl": 0.0,
      "learning_rate": 6.666666666666667e-06,
      "loss": -0.0069388593547046185,
      "reward": 0.3790622353553772,
      "reward_std": 0.23404671251773834,
      "rewards/GRPOAccuracyReward/mean": 0.3790622353553772,
      "rewards/GRPOAccuracyReward/std": 0.5054892897605896,
      "step": 1
    },
    {
      "clip_ratio/high_max": 3.294133219040102e-05,
      "clip_ratio/high_mean": 3.294133219040102e-05,
      "clip_ratio/low_mean": 0.0,
      "clip_ratio/low_min": 0.0,
      "clip_ratio/region_mean": 3.294133219040102e-05,
      "completions/clipped_ratio": 0.034722222222222224,
      "completions/max_length": 344.1111111111111,
      "completions/mean_length": 206.98611111111111,
      "completions/min_length": 112.0,
      "epoch": 0.0013358268768367619,
      "frac_reward_zero_std": 0.6666666666666666,
      "grad_norm": 0.09477756172418594,
      "kl": 0.00017729788265165148,
      "learning_rate": 6.666666666666667e-05,
      "loss": 0.0017382003780868319,
      "reward": 0.11194226559665468,
      "reward_std": 0.15550119015905592,
      "rewards/GRPOAccuracyReward/mean": 0.11194226559665468,
      "rewards/GRPOAccuracyReward/std": 0.24498583873112997,
      "step": 10
    },
    {
      "clip_ratio/high_max": 0.0,
      "clip_ratio/high_mean": 0.0,
      "clip_ratio/low_mean": 5.673322593793273e-05,
      "clip_ratio/low_min": 5.673322593793273e-05,
      "clip_ratio/region_mean": 5.673322593793273e-05,
      "completions/clipped_ratio": 0.125,
      "completions/max_length": 466.0,
      "completions/mean_length": 227.9875,
      "completions/min_length": 70.2,
      "epoch": 0.0026716537536735237,
      "frac_reward_zero_std": 0.65,
      "grad_norm": 0.07778055965900421,
      "kl": 0.004558465885929763,
      "learning_rate": 9.992407582166581e-05,
      "loss": 0.015951403975486757,
      "reward": 0.13880971670150757,
      "reward_std": 0.15064227283000947,
      "rewards/GRPOAccuracyReward/mean": 0.13880971670150757,
      "rewards/GRPOAccuracyReward/std": 0.21162469685077667,
      "step": 20
    },
    {
      "clip_ratio/high_max": 7.665131997782736e-05,
      "clip_ratio/high_mean": 7.665131997782736e-05,
      "clip_ratio/low_mean": 0.00011299435282126069,
      "clip_ratio/low_min": 0.00011299435282126069,
      "clip_ratio/region_mean": 0.00018964567279908807,
      "completions/clipped_ratio": 0.05,
      "completions/max_length": 357.0,
      "completions/mean_length": 195.25625,
      "completions/min_length": 99.5,
      "epoch": 0.004007480630510286,
      "frac_reward_zero_std": 0.65,
      "grad_norm": 0.07273751497268677,
      "kl": 0.04178827567957342,
      "learning_rate": 9.931806517013612e-05,
      "loss": 0.015561455488204956,
      "reward": 0.18260716646909714,
      "reward_std": 0.1754579395055771,
      "rewards/GRPOAccuracyReward/mean": 0.18260716646909714,
      "rewards/GRPOAccuracyReward/std": 0.2680112361907959,
      "step": 30
    },
    {
      "clip_ratio/high_max": 0.00017132330103777348,
      "clip_ratio/high_mean": 0.00017132330103777348,
      "clip_ratio/low_mean": 2.939447294920683e-05,
      "clip_ratio/low_min": 2.939447294920683e-05,
      "clip_ratio/region_mean": 0.00020071777398698032,
      "completions/clipped_ratio": 0.01875,
      "completions/max_length": 324.8,
      "completions/mean_length": 191.6375,
      "completions/min_length": 106.7,
      "epoch": 0.0053433075073470475,
      "frac_reward_zero_std": 0.7,
      "grad_norm": 0.003522796556353569,
      "kl": 0.03274000706151128,
      "learning_rate": 9.811340001546251e-05,
      "loss": 0.001969238743185997,
      "reward": 0.17030243277549745,
      "reward_std": 0.13569040447473527,
      "rewards/GRPOAccuracyReward/mean": 0.17030243277549745,
      "rewards/GRPOAccuracyReward/std": 0.2056784749031067,
      "step": 40
    },
    {
      "clip_ratio/high_max": 0.00020866383565589785,
      "clip_ratio/high_mean": 0.00020866383565589785,
      "clip_ratio/low_mean": 0.0,
      "clip_ratio/low_min": 0.0,
      "clip_ratio/region_mean": 0.00020866383565589785,
      "completions/clipped_ratio": 0.05625,
      "completions/max_length": 421.3,
      "completions/mean_length": 221.59375,
      "completions/min_length": 107.3,
      "epoch": 0.0066791343841838095,
      "frac_reward_zero_std": 0.5,
      "grad_norm": 0.007050774060189724,
      "kl": 0.03068886948749423,
      "learning_rate": 9.632470336074009e-05,
      "loss": 0.033125531673431394,
      "reward": 0.2874886721372604,
      "reward_std": 0.22549055898562073,
      "rewards/GRPOAccuracyReward/mean": 0.2874886721372604,
      "rewards/GRPOAccuracyReward/std": 0.37593061923980714,
      "step": 50
    },
    {
      "clip_ratio/high_max": 0.0,
      "clip_ratio/high_mean": 0.0,
      "clip_ratio/low_mean": 0.0,
      "clip_ratio/low_min": 0.0,
      "clip_ratio/region_mean": 0.0,
      "completions/clipped_ratio": 0.1125,
      "completions/max_length": 365.7,
      "completions/mean_length": 226.2,
      "completions/min_length": 109.0,
      "epoch": 0.008014961261020572,
      "frac_reward_zero_std": 0.8,
      "grad_norm": 0.003355736844241619,
      "kl": 0.009901698585599661,
      "learning_rate": 9.397368756032445e-05,
      "loss": 0.0011334672570228576,
      "reward": 0.07563882246613503,
      "reward_std": 0.09852499663829803,
      "rewards/GRPOAccuracyReward/mean": 0.07563882246613503,
      "rewards/GRPOAccuracyReward/std": 0.156940758228302,
      "step": 60
    },
    {
      "clip_ratio/high_max": 2.1276595361996442e-05,
      "clip_ratio/high_mean": 2.1276595361996442e-05,
      "clip_ratio/low_mean": 0.0,
      "clip_ratio/low_min": 0.0,
      "clip_ratio/region_mean": 2.1276595361996442e-05,
      "completions/clipped_ratio": 0.18125,
      "completions/max_length": 462.8,
      "completions/mean_length": 262.6625,
      "completions/min_length": 122.2,
      "epoch": 0.009350788137857334,
      "frac_reward_zero_std": 0.7,
      "grad_norm": 0.07353197783231735,
      "kl": 0.016562443133443593,
      "learning_rate": 9.108889076126226e-05,
      "loss": 0.010760661214590073,
      "reward": 0.094838547706604,
      "reward_std": 0.13932870477437972,
      "rewards/GRPOAccuracyReward/mean": 0.094838547706604,
      "rewards/GRPOAccuracyReward/std": 0.19430541694164277,
      "step": 70
    },
    {
      "clip_ratio/high_max": 0.0,
      "clip_ratio/high_mean": 0.0,
      "clip_ratio/low_mean": 0.0,
      "clip_ratio/low_min": 0.0,
      "clip_ratio/region_mean": 0.0,
      "completions/clipped_ratio": 0.14375,
      "completions/max_length": 410.6,
      "completions/mean_length": 239.4875,
      "completions/min_length": 108.4,
      "epoch": 0.010686615014694095,
      "frac_reward_zero_std": 0.9,
      "grad_norm": 0.010886876843869686,
      "kl": 0.017331714450847358,
      "learning_rate": 8.770533048884482e-05,
      "loss": 0.004510240629315376,
      "reward": 0.04412571117281914,
      "reward_std": 0.041160115599632265,
      "rewards/GRPOAccuracyReward/mean": 0.04412571117281914,
      "rewards/GRPOAccuracyReward/std": 0.07562620937824249,
      "step": 80
    },
    {
      "clip_ratio/high_max": 5.61303022550419e-05,
      "clip_ratio/high_mean": 5.61303022550419e-05,