{
  "best_global_step": null,
  "best_metric": null,
  "best_model_checkpoint": null,
  "epoch": 0.026716537536735238,
  "eval_steps": 100.0,
  "global_step": 200,
  "is_hyper_param_search": false,
  "is_local_process_zero": true,
  "is_world_process_zero": true,
  "log_history": [
    {
      "clip_ratio/high_max": 0.0,
      "clip_ratio/high_mean": 0.0,
      "clip_ratio/low_mean": 0.0,
      "clip_ratio/low_min": 0.0,
      "clip_ratio/region_mean": 0.0,
      "completions/clipped_ratio": 0.0,
      "completions/max_length": 475.0,
      "completions/mean_length": 217.9375,
      "completions/min_length": 98.0,
      "epoch": 0.0001335826876836762,
      "frac_reward_zero_std": 0.5,
      "grad_norm": 0.11047431081533432,
      "kl": 0.0,
      "learning_rate": 6.666666666666667e-06,
      "loss": -0.03265845403075218,
      "reward": 0.4413774609565735,
      "reward_std": 0.1784307360649109,
      "rewards/GRPOAccuracyReward/mean": 0.4413774609565735,
      "rewards/GRPOAccuracyReward/std": 0.5169445872306824,
      "step": 1
    },
    {
      "clip_ratio/high_max": 2.3225566514560745e-05,
      "clip_ratio/high_mean": 2.3225566514560745e-05,
      "clip_ratio/low_mean": 0.0,
      "clip_ratio/low_min": 0.0,
      "clip_ratio/region_mean": 2.3225566514560745e-05,
      "completions/clipped_ratio": 0.20833333333333334,
      "completions/max_length": 483.1111111111111,
      "completions/mean_length": 249.04861111111111,
      "completions/min_length": 99.0,
      "epoch": 0.0013358268768367619,
      "frac_reward_zero_std": 0.6666666666666666,
      "grad_norm": 0.001204076106660068,
      "kl": 0.0002806790588591765,
      "learning_rate": 6.666666666666667e-05,
      "loss": -0.0005718615009552903,
      "reward": 0.0629642903804779,
      "reward_std": 0.13707024355729422,
      "rewards/GRPOAccuracyReward/mean": 0.0629642903804779,
      "rewards/GRPOAccuracyReward/std": 0.18093351854218376,
      "step": 10
    },
    {
      "clip_ratio/high_max": 5.1040326070506126e-05,
      "clip_ratio/high_mean": 5.1040326070506126e-05,
      "clip_ratio/low_mean": 2.4248303088825195e-05,
      "clip_ratio/low_min": 2.4248303088825195e-05,
      "clip_ratio/region_mean": 7.528862915933132e-05,
      "completions/clipped_ratio": 0.31875,
      "completions/max_length": 512.0,
      "completions/mean_length": 295.4625,
      "completions/min_length": 119.4,
      "epoch": 0.0026716537536735237,
      "frac_reward_zero_std": 0.75,
      "grad_norm": 0.08089763671159744,
      "kl": 0.0015113644782104529,
      "learning_rate": 9.992407582166581e-05,
      "loss": -0.004504628479480743,
      "reward": 0.15717957466840743,
      "reward_std": 0.09719549119472504,
      "rewards/GRPOAccuracyReward/mean": 0.15717957466840743,
      "rewards/GRPOAccuracyReward/std": 0.1514858990907669,
      "step": 20
    },
    {
      "clip_ratio/high_max": 0.00011334241135045886,
      "clip_ratio/high_mean": 0.00011334241135045886,
      "clip_ratio/low_mean": 6.996922747930512e-05,
      "clip_ratio/low_min": 6.996922747930512e-05,
      "clip_ratio/region_mean": 0.00018331163882976398,
      "completions/clipped_ratio": 0.29375,
      "completions/max_length": 480.3,
      "completions/mean_length": 288.05,
      "completions/min_length": 102.2,
      "epoch": 0.004007480630510286,
      "frac_reward_zero_std": 0.3,
      "grad_norm": 0.15130865573883057,
      "kl": 0.0226828177284915,
      "learning_rate": 9.931806517013612e-05,
      "loss": -0.02843758761882782,
      "reward": 0.3608807295560837,
      "reward_std": 0.33002361804246905,
      "rewards/GRPOAccuracyReward/mean": 0.3608807295560837,
      "rewards/GRPOAccuracyReward/std": 0.4457370311021805,
      "step": 30
    },
    {
      "clip_ratio/high_max": 0.00031060790497576817,
      "clip_ratio/high_mean": 0.00031060790497576817,
      "clip_ratio/low_mean": 1.5713387983851135e-05,
      "clip_ratio/low_min": 1.5713387983851135e-05,
      "clip_ratio/region_mean": 0.0003263212929596193,
      "completions/clipped_ratio": 0.7375,
      "completions/max_length": 512.0,
      "completions/mean_length": 439.44375,
      "completions/min_length": 210.7,
      "epoch": 0.0053433075073470475,
      "frac_reward_zero_std": 0.25,
      "grad_norm": 0.08629006892442703,
      "kl": 0.04127161803189665,
      "learning_rate": 9.811340001546251e-05,
      "loss": -0.023407900333404542,
      "reward": 0.6014016658067703,
      "reward_std": 0.2629090167582035,
      "rewards/GRPOAccuracyReward/mean": 0.6014016658067703,
      "rewards/GRPOAccuracyReward/std": 0.37672483921051025,
      "step": 40
    },
    {
      "clip_ratio/high_max": 0.00021898309350945055,
      "clip_ratio/high_mean": 0.00021898309350945055,
      "clip_ratio/low_mean": 6.350035982904956e-05,
      "clip_ratio/low_min": 6.350035982904956e-05,
      "clip_ratio/region_mean": 0.00028248345333850013,
      "completions/clipped_ratio": 0.9125,
      "completions/max_length": 512.0,
      "completions/mean_length": 487.65,
      "completions/min_length": 279.8,
      "epoch": 0.0066791343841838095,
      "frac_reward_zero_std": 0.1,
      "grad_norm": 0.004237829707562923,
      "kl": 0.04604808324947953,
      "learning_rate": 9.632470336074009e-05,
      "loss": -0.02242465168237686,
      "reward": 0.6004299104213715,
      "reward_std": 0.4992217391729355,
      "rewards/GRPOAccuracyReward/mean": 0.6004299104213715,
      "rewards/GRPOAccuracyReward/std": 0.57076096534729,
      "step": 50
    },
    {
      "clip_ratio/high_max": 0.00018880088755395262,
      "clip_ratio/high_mean": 0.00018880088755395262,
      "clip_ratio/low_mean": 4.8828125e-05,
      "clip_ratio/low_min": 4.8828125e-05,
      "clip_ratio/region_mean": 0.00023762901255395264,
      "completions/clipped_ratio": 0.96875,
      "completions/max_length": 512.0,
      "completions/mean_length": 502.45625,
      "completions/min_length": 360.3,
      "epoch": 0.008014961261020572,
      "frac_reward_zero_std": 0.1,
      "grad_norm": 0.0417831689119339,
      "kl": 0.0419632310513407,
      "learning_rate": 9.397368756032445e-05,
      "loss": -0.006319853663444519,
      "reward": 0.8362790673971177,
      "reward_std": 0.40335172712802886,
      "rewards/GRPOAccuracyReward/mean": 0.8362790673971177,
      "rewards/GRPOAccuracyReward/std": 0.6048758268356323,
      "step": 60
    },
    {
      "clip_ratio/high_max": 5.1026164146605876e-05,
      "clip_ratio/high_mean": 5.1026164146605876e-05,
      "clip_ratio/low_mean": 3.662109375e-05,
      "clip_ratio/low_min": 3.662109375e-05,
      "clip_ratio/region_mean": 8.764725789660588e-05,
      "completions/clipped_ratio": 0.98125,
      "completions/max_length": 512.0,
      "completions/mean_length": 506.3,
      "completions/min_length": 451.0,
      "epoch": 0.009350788137857334,
      "frac_reward_zero_std": 0.15,
      "grad_norm": 0.045524172484874725,
      "kl": 0.03815256403759122,
      "learning_rate": 9.108889076126226e-05,
      "loss": 0.0025570368394255637,
      "reward": 0.7456768453121185,
      "reward_std": 0.3445108599960804,
      "rewards/GRPOAccuracyReward/mean": 0.7456768453121185,
      "rewards/GRPOAccuracyReward/std": 0.5920978963375092,
      "step": 70
    },
    {
      "clip_ratio/high_max": 2.753035369096324e-05,
      "clip_ratio/high_mean": 2.753035369096324e-05,
      "clip_ratio/low_mean": 3.9255988667719066e-05,
      "clip_ratio/low_min": 3.9255988667719066e-05,
      "clip_ratio/region_mean": 6.67863423586823e-05,
      "completions/clipped_ratio": 0.9625,
      "completions/max_length": 512.0,
      "completions/mean_length": 497.9,
      "completions/min_length": 327.6,
      "epoch": 0.010686615014694095,
      "frac_reward_zero_std": 0.3,
      "grad_norm": 0.03637024015188217,
      "kl": 0.045922115165740254,
      "learning_rate": 8.770533048884482e-05,
      "loss": -0.006419476121664047,
      "reward": 0.6162907242774963,
      "reward_std": 0.2593272943049669,