{
  "best_global_step": null,
  "best_metric": null,
  "best_model_checkpoint": null,
  "epoch": 0.0429000429000429,
  "eval_steps": 100.0,
  "global_step": 200,
  "is_hyper_param_search": false,
  "is_local_process_zero": true,
  "is_world_process_zero": true,
  "log_history": [
    {
      "clip_ratio/high_max": 0.0,
      "clip_ratio/high_mean": 0.0,
      "clip_ratio/low_mean": 0.0,
      "clip_ratio/low_min": 0.0,
      "clip_ratio/region_mean": 0.0,
      "completions/clipped_ratio": 0.0,
      "completions/max_length": 158.0,
      "completions/mean_length": 123.1875,
      "completions/min_length": 82.0,
      "epoch": 0.0002145002145002145,
      "frac_reward_zero_std": 0.0,
      "grad_norm": 0.1367359161376953,
      "kl": 0.0,
      "learning_rate": 6.666666666666667e-06,
      "loss": -0.006050387397408485,
      "reward": 0.694116473197937,
      "reward_std": 0.49462252855300903,
      "rewards/GRPOAccuracyReward/mean": 0.694116473197937,
      "rewards/GRPOAccuracyReward/std": 0.4833926558494568,
      "step": 1
    },
    {
      "clip_ratio/high_max": 0.0002311177086085081,
      "clip_ratio/high_mean": 0.0002311177086085081,
      "clip_ratio/low_mean": 7.89141437659661e-05,
      "clip_ratio/low_min": 7.89141437659661e-05,
      "clip_ratio/region_mean": 0.0003100318523744742,
      "completions/clipped_ratio": 0.006944444444444444,
      "completions/max_length": 222.33333333333334,
      "completions/mean_length": 90.01388888888889,
      "completions/min_length": 27.11111111111111,
      "epoch": 0.002145002145002145,
      "frac_reward_zero_std": 0.3333333333333333,
      "grad_norm": 0.15342745184898376,
      "kl": 0.0023376134611478644,
      "learning_rate": 6.666666666666667e-05,
      "loss": 0.005706165399816301,
      "reward": 0.735683368311988,
      "reward_std": 0.21449058746091193,
      "rewards/GRPOAccuracyReward/mean": 0.735683368311988,
      "rewards/GRPOAccuracyReward/std": 0.3932459813853105,
      "step": 10
    },
    {
      "clip_ratio/high_max": 0.00022887534287292511,
      "clip_ratio/high_mean": 0.00022887534287292511,
      "clip_ratio/low_mean": 0.00020678688306361437,
      "clip_ratio/low_min": 0.00020678688306361437,
      "clip_ratio/region_mean": 0.00043566222593653946,
      "completions/clipped_ratio": 0.0,
      "completions/max_length": 246.3,
      "completions/mean_length": 128.78125,
      "completions/min_length": 68.4,
      "epoch": 0.00429000429000429,
      "frac_reward_zero_std": 0.1,
      "grad_norm": 0.06213536113500595,
      "kl": 0.01678187704528682,
      "learning_rate": 9.992407582166581e-05,
      "loss": -0.02309282124042511,
      "reward": 0.8326867878437042,
      "reward_std": 0.10421294961124658,
      "rewards/GRPOAccuracyReward/mean": 0.8326867878437042,
      "rewards/GRPOAccuracyReward/std": 0.22021203842014075,
      "step": 20
    },
    {
      "clip_ratio/high_max": 0.00020454989571589978,
      "clip_ratio/high_mean": 0.00020454989571589978,
      "clip_ratio/low_mean": 0.0,
      "clip_ratio/low_min": 0.0,
      "clip_ratio/region_mean": 0.00020454989571589978,
      "completions/clipped_ratio": 0.03125,
      "completions/max_length": 321.8,
      "completions/mean_length": 197.73125,
      "completions/min_length": 120.0,
      "epoch": 0.006435006435006435,
      "frac_reward_zero_std": 0.1,
      "grad_norm": 0.12466806173324585,
      "kl": 0.03924171659164131,
      "learning_rate": 9.931806517013612e-05,
      "loss": -0.0015474921092391014,
      "reward": 0.818280690908432,
      "reward_std": 0.23052481431514024,
      "rewards/GRPOAccuracyReward/mean": 0.818280690908432,
      "rewards/GRPOAccuracyReward/std": 0.3478857707232237,
      "step": 30
    },
    {
      "clip_ratio/high_max": 0.00014299105387181044,
      "clip_ratio/high_mean": 0.00014299105387181044,
      "clip_ratio/low_mean": 4.042037180624902e-05,
      "clip_ratio/low_min": 4.042037180624902e-05,
      "clip_ratio/region_mean": 0.00018341142567805945,
      "completions/clipped_ratio": 0.0,
      "completions/max_length": 289.9,
      "completions/mean_length": 174.15,
      "completions/min_length": 95.7,
      "epoch": 0.00858000858000858,
      "frac_reward_zero_std": 0.15,
      "grad_norm": 0.1259298026561737,
      "kl": 0.051977366860955956,
      "learning_rate": 9.811340001546251e-05,
      "loss": -0.028041347861289978,
      "reward": 0.8205552995204926,
      "reward_std": 0.13916075816377999,
      "rewards/GRPOAccuracyReward/mean": 0.8205552995204926,
      "rewards/GRPOAccuracyReward/std": 0.2979220228269696,
      "step": 40
    },
    {
      "clip_ratio/high_max": 0.0001184668595669791,
      "clip_ratio/high_mean": 0.0001184668595669791,
      "clip_ratio/low_mean": 3.080714668612927e-05,
      "clip_ratio/low_min": 3.080714668612927e-05,
      "clip_ratio/region_mean": 0.00014927400625310838,
      "completions/clipped_ratio": 0.0,
      "completions/max_length": 376.6,
      "completions/mean_length": 218.98125,
      "completions/min_length": 116.0,
      "epoch": 0.010725010725010725,
      "frac_reward_zero_std": 0.15,
      "grad_norm": 0.07512736320495605,
      "kl": 0.06674041077494622,
      "learning_rate": 9.632470336074009e-05,
      "loss": -0.019737768173217773,
      "reward": 0.7764474302530289,
      "reward_std": 0.21352720810100437,
      "rewards/GRPOAccuracyReward/mean": 0.7764474302530289,
      "rewards/GRPOAccuracyReward/std": 0.33696491830050945,
      "step": 50
    },
    {
      "clip_ratio/high_max": 0.00028356637340039016,
      "clip_ratio/high_mean": 0.00028356637340039016,
      "clip_ratio/low_mean": 0.0,
      "clip_ratio/low_min": 0.0,
      "clip_ratio/region_mean": 0.00028356637340039016,
      "completions/clipped_ratio": 0.0125,
      "completions/max_length": 392.6,
      "completions/mean_length": 243.8125,
      "completions/min_length": 144.0,
      "epoch": 0.01287001287001287,
      "frac_reward_zero_std": 0.15,
      "grad_norm": 0.10443133860826492,
      "kl": 0.06835343670099973,
      "learning_rate": 9.397368756032445e-05,
      "loss": -0.007591944187879562,
      "reward": 0.7749797284603119,
      "reward_std": 0.19035318903625012,
      "rewards/GRPOAccuracyReward/mean": 0.7749797284603119,
      "rewards/GRPOAccuracyReward/std": 0.28027212638407945,
      "step": 60
    },
    {
      "clip_ratio/high_max": 0.00013208105228841306,
      "clip_ratio/high_mean": 0.00013208105228841306,
      "clip_ratio/low_mean": 9.900189470499754e-05,
      "clip_ratio/low_min": 9.900189470499754e-05,
      "clip_ratio/region_mean": 0.00023108294699341058,
      "completions/clipped_ratio": 0.01875,
      "completions/max_length": 401.8,
      "completions/mean_length": 248.2625,
      "completions/min_length": 140.1,
      "epoch": 0.015015015015015015,
      "frac_reward_zero_std": 0.05,
      "grad_norm": 0.10150457173585892,
      "kl": 0.0705636341124773,
      "learning_rate": 9.108889076126226e-05,
      "loss": -0.009383304417133332,
      "reward": 0.9021358549594879,
      "reward_std": 0.15377899520099164,
      "rewards/GRPOAccuracyReward/mean": 0.9021358549594879,
      "rewards/GRPOAccuracyReward/std": 0.2050409210845828,
      "step": 70
    },
    {
      "clip_ratio/high_max": 0.0003094193030847237,
      "clip_ratio/high_mean": 0.0003094193030847237,
      "clip_ratio/low_mean": 1.4257199654821307e-05,
      "clip_ratio/low_min": 1.4257199654821307e-05,
      "clip_ratio/region_mean": 0.00032367650273954494,
      "completions/clipped_ratio": 0.2125,
      "completions/max_length": 496.0,
      "completions/mean_length": 331.45625,
      "completions/min_length": 179.0,
      "epoch": 0.01716001716001716,
      "frac_reward_zero_std": 0.1,
      "grad_norm": 0.10268519073724747,
      "kl": 0.0750084737315774,
      "learning_rate": 8.770533048884482e-05,
      "loss": 0.04920143485069275,
      "reward": 0.7289010256528854,
      "reward_std": 0.33627076297998426,