{
  "best_global_step": null,
  "best_metric": null,
  "best_model_checkpoint": null,
  "epoch": 0.026716537536735238,
  "eval_steps": 100.0,
  "global_step": 200,
  "is_hyper_param_search": false,
  "is_local_process_zero": true,
  "is_world_process_zero": true,
  "log_history": [
    {
      "clip_ratio/high_max": 0.0,
      "clip_ratio/high_mean": 0.0,
      "clip_ratio/low_mean": 0.0,
      "clip_ratio/low_min": 0.0,
      "clip_ratio/region_mean": 0.0,
      "completions/clipped_ratio": 0.0,
      "completions/max_length": 478.0,
      "completions/mean_length": 154.3125,
      "completions/min_length": 90.0,
      "epoch": 0.0001335826876836762,
      "frac_reward_zero_std": 0.5,
      "grad_norm": 0.12464309483766556,
      "kl": 0.0,
      "learning_rate": 6.666666666666667e-06,
      "loss": -0.049655504524707794,
      "reward": 0.31668123602867126,
      "reward_std": 0.26230913400650024,
      "rewards/GRPOAccuracyReward/mean": 0.31668123602867126,
      "rewards/GRPOAccuracyReward/std": 0.4851915240287781,
      "step": 1
    },
    {
      "clip_ratio/high_max": 3.4453056287020445e-05,
      "clip_ratio/high_mean": 3.4453056287020445e-05,
      "clip_ratio/low_mean": 0.0,
      "clip_ratio/low_min": 0.0,
      "clip_ratio/region_mean": 3.4453056287020445e-05,
      "completions/clipped_ratio": 0.041666666666666664,
      "completions/max_length": 412.0,
      "completions/mean_length": 209.86805555555554,
      "completions/min_length": 107.44444444444444,
      "epoch": 0.0013358268768367619,
      "frac_reward_zero_std": 0.6666666666666666,
      "grad_norm": 0.09039808064699173,
      "kl": 0.00017995860859324844,
      "learning_rate": 6.666666666666667e-05,
      "loss": -0.004343523747391171,
      "reward": 0.13348831567499372,
      "reward_std": 0.12868908647861746,
      "rewards/GRPOAccuracyReward/mean": 0.13348831567499372,
      "rewards/GRPOAccuracyReward/std": 0.2518748972151015,
      "step": 10
    },
    {
      "clip_ratio/high_max": 1.5073861868586392e-05,
      "clip_ratio/high_mean": 1.5073861868586392e-05,
      "clip_ratio/low_mean": 1.5073861868586392e-05,
      "clip_ratio/low_min": 1.5073861868586392e-05,
      "clip_ratio/region_mean": 3.0147723737172783e-05,
      "completions/clipped_ratio": 0.18125,
      "completions/max_length": 483.7,
      "completions/mean_length": 277.5125,
      "completions/min_length": 129.6,
      "epoch": 0.0026716537536735237,
      "frac_reward_zero_std": 0.55,
      "grad_norm": 0.0815969929099083,
      "kl": 0.006359705943032168,
      "learning_rate": 9.992407582166581e-05,
      "loss": 0.011679621040821075,
      "reward": 0.19857962131500245,
      "reward_std": 0.177225661277771,
      "rewards/GRPOAccuracyReward/mean": 0.19857962131500245,
      "rewards/GRPOAccuracyReward/std": 0.32415093183517457,
      "step": 20
    },
    {
      "clip_ratio/high_max": 5.1049739704467355e-05,
      "clip_ratio/high_mean": 5.1049739704467355e-05,
      "clip_ratio/low_mean": 1.3344008766580374e-05,
      "clip_ratio/low_min": 1.3344008766580374e-05,
      "clip_ratio/region_mean": 6.439374847104773e-05,
      "completions/clipped_ratio": 0.08125,
      "completions/max_length": 399.3,
      "completions/mean_length": 268.20625,
      "completions/min_length": 151.9,
      "epoch": 0.004007480630510286,
      "frac_reward_zero_std": 0.55,
      "grad_norm": 0.05043405294418335,
      "kl": 0.014965851127635687,
      "learning_rate": 9.931806517013612e-05,
      "loss": 0.008507187664508819,
      "reward": 0.3201565153896809,
      "reward_std": 0.11092147482559085,
      "rewards/GRPOAccuracyReward/mean": 0.3201565153896809,
      "rewards/GRPOAccuracyReward/std": 0.2707026541233063,
      "step": 30
    },
    {
      "clip_ratio/high_max": 0.00018884378660004585,
      "clip_ratio/high_mean": 0.00018884378660004585,
      "clip_ratio/low_mean": 5.213764379732311e-05,
      "clip_ratio/low_min": 5.213764379732311e-05,
      "clip_ratio/region_mean": 0.00024098143039736898,
      "completions/clipped_ratio": 0.1625,
      "completions/max_length": 379.6,
      "completions/mean_length": 299.8,
      "completions/min_length": 211.0,
      "epoch": 0.0053433075073470475,
      "frac_reward_zero_std": 0.3,
      "grad_norm": 0.08455594629049301,
      "kl": 0.046213320549577476,
      "learning_rate": 9.811340001546251e-05,
      "loss": 0.0012460051104426384,
      "reward": 0.6328508138656617,
      "reward_std": 0.1430278833024204,
      "rewards/GRPOAccuracyReward/mean": 0.6328508138656617,
      "rewards/GRPOAccuracyReward/std": 0.22314781174063683,
      "step": 40
    },
    {
      "clip_ratio/high_max": 9.127617231570184e-05,
      "clip_ratio/high_mean": 9.127617231570184e-05,
      "clip_ratio/low_mean": 2.377555938437581e-05,
      "clip_ratio/low_min": 2.377555938437581e-05,
      "clip_ratio/region_mean": 0.00011505173170007765,
      "completions/clipped_ratio": 0.13125,
      "completions/max_length": 461.1,
      "completions/mean_length": 334.2875,
      "completions/min_length": 207.7,
      "epoch": 0.0066791343841838095,
      "frac_reward_zero_std": 0.1,
      "grad_norm": 0.056422341614961624,
      "kl": 0.045470982952974734,
      "learning_rate": 9.632470336074009e-05,
      "loss": -0.0016804026439785958,
      "reward": 0.7740376323461533,
      "reward_std": 0.22414822122082115,
      "rewards/GRPOAccuracyReward/mean": 0.7740376323461533,
      "rewards/GRPOAccuracyReward/std": 0.3220396989490837,
      "step": 50
    },
    {
      "clip_ratio/high_max": 0.00021680534264305605,
      "clip_ratio/high_mean": 0.00021680534264305605,
      "clip_ratio/low_mean": 1.2260912626516074e-05,
      "clip_ratio/low_min": 1.2260912626516074e-05,
      "clip_ratio/region_mean": 0.00022906625526957213,
      "completions/clipped_ratio": 0.1875,
      "completions/max_length": 424.6,
      "completions/mean_length": 286.4125,
      "completions/min_length": 160.6,
      "epoch": 0.008014961261020572,
      "frac_reward_zero_std": 0.15,
      "grad_norm": 0.04534478858113289,
      "kl": 0.06947081908583641,
      "learning_rate": 9.397368756032445e-05,
      "loss": -0.0032746776938438415,
      "reward": 0.7067124515771865,
      "reward_std": 0.16858936585485934,
      "rewards/GRPOAccuracyReward/mean": 0.7067124515771865,
      "rewards/GRPOAccuracyReward/std": 0.40163351558148863,
      "step": 60
    },
    {
      "clip_ratio/high_max": 0.00010093262535519898,
      "clip_ratio/high_mean": 0.00010093262535519898,
      "clip_ratio/low_mean": 0.0,
      "clip_ratio/low_min": 0.0,
      "clip_ratio/region_mean": 0.00010093262535519898,
      "completions/clipped_ratio": 0.1125,
      "completions/max_length": 448.3,
      "completions/mean_length": 292.15625,
      "completions/min_length": 173.3,
      "epoch": 0.009350788137857334,
      "frac_reward_zero_std": 0.15,
      "grad_norm": 0.10084080696105957,
      "kl": 0.06438474701717496,
      "learning_rate": 9.108889076126226e-05,
      "loss": 0.016862045228481292,
      "reward": 0.7758649945259094,
      "reward_std": 0.15883584236726164,
      "rewards/GRPOAccuracyReward/mean": 0.7758649945259094,
      "rewards/GRPOAccuracyReward/std": 0.38256701473146676,
      "step": 70
    },
    {
      "clip_ratio/high_max": 0.00012371909251669423,
      "clip_ratio/high_mean": 0.00012371909251669423,
      "clip_ratio/low_mean": 0.0,
      "clip_ratio/low_min": 0.0,
      "clip_ratio/region_mean": 0.00012371909251669423,
      "completions/clipped_ratio": 0.175,
      "completions/max_length": 437.6,
      "completions/mean_length": 299.86875,
      "completions/min_length": 176.0,
      "epoch": 0.010686615014694095,
      "frac_reward_zero_std": 0.3,
      "grad_norm": 0.13210849463939667,
      "kl": 0.07259230674244463,
      "learning_rate": 8.770533048884482e-05,
      "loss": 0.0040529388934373856,
      "reward": 0.6572103142738343,
      "reward_std": 0.12359927571378648,