{
  "best_global_step": null,
  "best_metric": null,
  "best_model_checkpoint": null,
  "epoch": 0.039785160135269546,
  "eval_steps": 100.0,
  "global_step": 200,
  "is_hyper_param_search": false,
  "is_local_process_zero": true,
  "is_world_process_zero": true,
  "log_history": [
    {
      "clip_ratio/high_max": 0.0,
      "clip_ratio/high_mean": 0.0,
      "clip_ratio/low_mean": 0.0,
      "clip_ratio/low_min": 0.0,
      "clip_ratio/region_mean": 0.0,
      "completions/clipped_ratio": 0.0,
      "completions/max_length": 273.0,
      "completions/mean_length": 141.5625,
      "completions/min_length": 75.0,
      "epoch": 0.00019892580067634773,
      "frac_reward_zero_std": 0.0,
      "grad_norm": 0.18469801545143127,
      "kl": 0.0,
      "learning_rate": 6.666666666666667e-06,
      "loss": 0.041449204087257385,
      "reward": 0.37653863430023193,
      "reward_std": 0.5003803968429565,
      "rewards/GRPOAccuracyReward/mean": 0.37653863430023193,
      "rewards/GRPOAccuracyReward/std": 0.502074122428894,
      "step": 1
    },
    {
      "clip_ratio/high_max": 0.00028235720108366676,
      "clip_ratio/high_mean": 0.00028235720108366676,
      "clip_ratio/low_mean": 0.0,
      "clip_ratio/low_min": 0.0,
      "clip_ratio/region_mean": 0.00028235720108366676,
      "completions/clipped_ratio": 0.034722222222222224,
      "completions/max_length": 254.22222222222223,
      "completions/mean_length": 135.93055555555554,
      "completions/min_length": 43.888888888888886,
      "epoch": 0.001989258006763477,
      "frac_reward_zero_std": 0.16666666666666666,
      "grad_norm": 0.11163643002510071,
      "kl": 0.003459782935452596,
      "learning_rate": 6.666666666666667e-05,
      "loss": -0.025143967734442815,
      "reward": 0.5741700083017349,
      "reward_std": 0.31055736541748047,
      "rewards/GRPOAccuracyReward/mean": 0.5741700083017349,
      "rewards/GRPOAccuracyReward/std": 0.44538596934742397,
      "step": 10
    },
    {
      "clip_ratio/high_max": 0.0,
      "clip_ratio/high_mean": 0.0,
      "clip_ratio/low_mean": 0.0,
      "clip_ratio/low_min": 0.0,
      "clip_ratio/region_mean": 0.0,
      "completions/clipped_ratio": 0.0,
      "completions/max_length": 298.4,
      "completions/mean_length": 175.53125,
      "completions/min_length": 99.8,
      "epoch": 0.003978516013526954,
      "frac_reward_zero_std": 0.15,
      "grad_norm": 0.15156599879264832,
      "kl": 0.018660650443052873,
      "learning_rate": 9.992407582166581e-05,
      "loss": -0.036375850439071655,
      "reward": 0.7962126702070236,
      "reward_std": 0.16634492436423898,
      "rewards/GRPOAccuracyReward/mean": 0.7962126702070236,
      "rewards/GRPOAccuracyReward/std": 0.3380749659612775,
      "step": 20
    },
    {
      "clip_ratio/high_max": 0.00015507634670939297,
      "clip_ratio/high_mean": 0.00015507634670939297,
      "clip_ratio/low_mean": 5.8051737141795456e-05,
      "clip_ratio/low_min": 5.8051737141795456e-05,
      "clip_ratio/region_mean": 0.00021312808385118843,
      "completions/clipped_ratio": 0.0625,
      "completions/max_length": 363.4,
      "completions/mean_length": 227.875,
      "completions/min_length": 147.4,
      "epoch": 0.005967774020290432,
      "frac_reward_zero_std": 0.05,
      "grad_norm": 0.06649219244718552,
      "kl": 0.034571927646175026,
      "learning_rate": 9.931806517013612e-05,
      "loss": -0.014240558445453643,
      "reward": 0.7949189126491547,
      "reward_std": 0.20301679652184249,
      "rewards/GRPOAccuracyReward/mean": 0.7949189126491547,
      "rewards/GRPOAccuracyReward/std": 0.2962373240850866,
      "step": 30
    },
    {
      "clip_ratio/high_max": 0.0003236906442907639,
      "clip_ratio/high_mean": 0.0003236906442907639,
      "clip_ratio/low_mean": 2.1240441128611565e-05,
      "clip_ratio/low_min": 2.1240441128611565e-05,
      "clip_ratio/region_mean": 0.00034493108541937544,
      "completions/clipped_ratio": 0.0125,
      "completions/max_length": 371.8,
      "completions/mean_length": 235.375,
      "completions/min_length": 141.3,
      "epoch": 0.007957032027053909,
      "frac_reward_zero_std": 0.15,
      "grad_norm": 0.10785296559333801,
      "kl": 0.049708611145615575,
      "learning_rate": 9.811340001546251e-05,
      "loss": -0.012207324802875518,
      "reward": 0.7480688691139221,
      "reward_std": 0.20916847013868392,
      "rewards/GRPOAccuracyReward/mean": 0.7480688691139221,
      "rewards/GRPOAccuracyReward/std": 0.3534857422113419,
      "step": 40
    },
    {
      "clip_ratio/high_max": 0.00017649153887759893,
      "clip_ratio/high_mean": 0.00017649153887759893,
      "clip_ratio/low_mean": 0.0,
      "clip_ratio/low_min": 0.0,
      "clip_ratio/region_mean": 0.00017649153887759893,
      "completions/clipped_ratio": 0.05625,
      "completions/max_length": 407.1,
      "completions/mean_length": 257.16875,
      "completions/min_length": 149.6,
      "epoch": 0.009946290033817386,
      "frac_reward_zero_std": 0.0,
      "grad_norm": 0.07055424153804779,
      "kl": 0.02982157892547548,
      "learning_rate": 9.632470336074009e-05,
      "loss": 0.007138160616159439,
      "reward": 0.8315423905849457,
      "reward_std": 0.24316258653998374,
      "rewards/GRPOAccuracyReward/mean": 0.8315423905849457,
      "rewards/GRPOAccuracyReward/std": 0.3139724129810929,
      "step": 50
    },
    {
      "clip_ratio/high_max": 0.00014827215345576407,
      "clip_ratio/high_mean": 0.00014827215345576407,
      "clip_ratio/low_mean": 4.029541596537456e-05,
      "clip_ratio/low_min": 4.029541596537456e-05,
      "clip_ratio/region_mean": 0.0001885675694211386,
      "completions/clipped_ratio": 0.04375,
      "completions/max_length": 377.8,
      "completions/mean_length": 211.61875,
      "completions/min_length": 104.6,
      "epoch": 0.011935548040580864,
      "frac_reward_zero_std": 0.1,
      "grad_norm": 0.11836903542280197,
      "kl": 0.05517656356096268,
      "learning_rate": 9.397368756032445e-05,
      "loss": -0.010905238986015319,
      "reward": 0.7712739527225494,
      "reward_std": 0.20564697333611548,
      "rewards/GRPOAccuracyReward/mean": 0.7712739527225494,
      "rewards/GRPOAccuracyReward/std": 0.3986639630049467,
      "step": 60
    },
    {
      "clip_ratio/high_max": 0.0001808159940992482,
      "clip_ratio/high_mean": 0.0001808159940992482,
      "clip_ratio/low_mean": 5.4559383715968576e-05,
      "clip_ratio/low_min": 5.4559383715968576e-05,
      "clip_ratio/region_mean": 0.0002353753778152168,
      "completions/clipped_ratio": 0.04375,
      "completions/max_length": 410.1,
      "completions/mean_length": 247.1125,
      "completions/min_length": 138.4,
      "epoch": 0.01392480604734434,
      "frac_reward_zero_std": 0.2,
      "grad_norm": 0.10560520738363266,
      "kl": 0.05232662856578827,
      "learning_rate": 9.108889076126226e-05,
      "loss": 0.008966939151287079,
      "reward": 0.712343093752861,
      "reward_std": 0.189542777556926,
      "rewards/GRPOAccuracyReward/mean": 0.712343093752861,
      "rewards/GRPOAccuracyReward/std": 0.4186464577913284,
      "step": 70
    },
    {
      "clip_ratio/high_max": 0.00029088990850141273,
      "clip_ratio/high_mean": 0.00029088990850141273,
      "clip_ratio/low_mean": 0.0,
      "clip_ratio/low_min": 0.0,
      "clip_ratio/region_mean": 0.00029088990850141273,
      "completions/clipped_ratio": 0.01875,
      "completions/max_length": 399.6,
      "completions/mean_length": 225.89375,
      "completions/min_length": 130.8,
      "epoch": 0.015914064054107818,
      "frac_reward_zero_std": 0.0,
      "grad_norm": 0.31342217326164246,
      "kl": 0.06882752375677229,
      "learning_rate": 8.770533048884482e-05,
      "loss": 0.02616609036922455,
      "reward": 0.816379863023758,
      "reward_std": 0.3115707701072097,
      "rewards/GRPOAccuracyReward/mean": 0.816379863023758,
      "rewards/GRPOAccuracyReward/std": 0.3884606704115868,