{
  "best_global_step": null,
  "best_metric": null,
  "best_model_checkpoint": null,
  "epoch": 0.02158894645941278,
  "eval_steps": 100.0,
  "global_step": 100,
  "is_hyper_param_search": false,
  "is_local_process_zero": true,
  "is_world_process_zero": true,
  "log_history": [
    {
      "clip_ratio/high_max": 0.0,
      "clip_ratio/high_mean": 0.0,
      "clip_ratio/low_mean": 0.0,
      "clip_ratio/low_min": 0.0,
      "clip_ratio/region_mean": 0.0,
      "completions/clipped_ratio": 0.0,
      "completions/max_length": 275.0,
      "completions/mean_length": 133.3125,
      "completions/min_length": 7.0,
      "epoch": 0.0002158894645941278,
      "frac_reward_zero_std": 0.5,
      "grad_norm": 0.13946594297885895,
      "kl": 0.0,
      "learning_rate": 6.666666666666667e-06,
      "loss": -0.0023195254616439342,
      "reward": 0.2538157105445862,
      "reward_std": 0.27143535017967224,
      "rewards/GRPOAccuracyReward/mean": 0.2538157105445862,
      "rewards/GRPOAccuracyReward/std": 0.45414528250694275,
      "step": 1
    },
    {
      "clip_ratio/high_max": 0.0001381982745240546,
      "clip_ratio/high_mean": 0.0001381982745240546,
      "clip_ratio/low_mean": 0.0009072505021726505,
      "clip_ratio/low_min": 0.0009072505021726505,
      "clip_ratio/region_mean": 0.0010454487766967053,
      "completions/clipped_ratio": 0.0,
      "completions/max_length": 247.22222222222223,
      "completions/mean_length": 89.20138888888889,
      "completions/min_length": 25.0,
      "epoch": 0.002158894645941278,
      "frac_reward_zero_std": 0.3333333333333333,
      "grad_norm": 0.16478842496871948,
      "kl": 0.01801018148883789,
      "learning_rate": 6.666666666666667e-05,
      "loss": -0.026184409856796265,
      "reward": 0.44989243812031215,
      "reward_std": 0.28661133845647174,
      "rewards/GRPOAccuracyReward/mean": 0.44989243812031215,
      "rewards/GRPOAccuracyReward/std": 0.408369564347797,
      "step": 10
    },
    {
      "clip_ratio/high_max": 0.00018912368686869742,
      "clip_ratio/high_mean": 0.00018912368686869742,
      "clip_ratio/low_mean": 0.0,
      "clip_ratio/low_min": 0.0,
      "clip_ratio/region_mean": 0.00018912368686869742,
      "completions/clipped_ratio": 0.00625,
      "completions/max_length": 255.0,
      "completions/mean_length": 123.29375,
      "completions/min_length": 36.1,
      "epoch": 0.004317789291882556,
      "frac_reward_zero_std": 0.25,
      "grad_norm": 0.10426905751228333,
      "kl": 0.11037464395049028,
      "learning_rate": 9.992407582166581e-05,
      "loss": -0.029956039786338807,
      "reward": 0.6331905394792556,
      "reward_std": 0.17647109078243375,
      "rewards/GRPOAccuracyReward/mean": 0.6331905394792556,
      "rewards/GRPOAccuracyReward/std": 0.37234221696853637,
      "step": 20
    },
    {
      "clip_ratio/high_max": 3.657644556369633e-05,
      "clip_ratio/high_mean": 3.657644556369633e-05,
      "clip_ratio/low_mean": 0.0,
      "clip_ratio/low_min": 0.0,
      "clip_ratio/region_mean": 3.657644556369633e-05,
      "completions/clipped_ratio": 0.05,
      "completions/max_length": 298.3,
      "completions/mean_length": 204.2,
      "completions/min_length": 110.3,
      "epoch": 0.006476683937823834,
      "frac_reward_zero_std": 0.25,
      "grad_norm": 0.11788652837276459,
      "kl": 0.02277018133318052,
      "learning_rate": 9.931806517013612e-05,
      "loss": -0.016233091056346894,
      "reward": 0.7628636717796325,
      "reward_std": 0.10138362413272262,
      "rewards/GRPOAccuracyReward/mean": 0.7628636717796325,
      "rewards/GRPOAccuracyReward/std": 0.22368810661137103,
      "step": 30
    },
    {
      "clip_ratio/high_max": 0.00023935212957439944,
      "clip_ratio/high_mean": 0.00023935212957439944,
      "clip_ratio/low_mean": 0.0,
      "clip_ratio/low_min": 0.0,
      "clip_ratio/region_mean": 0.00023935212957439944,
      "completions/clipped_ratio": 0.01875,
      "completions/max_length": 414.3,
      "completions/mean_length": 251.68125,
      "completions/min_length": 150.6,
      "epoch": 0.008635578583765112,
      "frac_reward_zero_std": 0.05,
      "grad_norm": 0.1149001196026802,
      "kl": 0.03358325553126633,
      "learning_rate": 9.811340001546251e-05,
      "loss": -0.005692758038640023,
      "reward": 0.8797144412994384,
      "reward_std": 0.19669818617403506,
      "rewards/GRPOAccuracyReward/mean": 0.8797144412994384,
      "rewards/GRPOAccuracyReward/std": 0.285163513943553,
      "step": 40
    },
    {
      "clip_ratio/high_max": 0.00011858255893457681,
      "clip_ratio/high_mean": 0.00011858255893457681,
      "clip_ratio/low_mean": 0.0,
      "clip_ratio/low_min": 0.0,
      "clip_ratio/region_mean": 0.00011858255893457681,
      "completions/clipped_ratio": 0.075,
      "completions/max_length": 437.8,
      "completions/mean_length": 277.5125,
      "completions/min_length": 154.7,
      "epoch": 0.01079447322970639,
      "frac_reward_zero_std": 0.0,
      "grad_norm": 0.10400495678186417,
      "kl": 0.037522043799981475,
      "learning_rate": 9.632470336074009e-05,
      "loss": 0.0038308873772621155,
      "reward": 0.8318623960018158,
      "reward_std": 0.23943576104938985,
      "rewards/GRPOAccuracyReward/mean": 0.8318623960018158,
      "rewards/GRPOAccuracyReward/std": 0.33863173704594374,
      "step": 50
    },
    {
      "clip_ratio/high_max": 0.00017082214471884072,
      "clip_ratio/high_mean": 0.00017082214471884072,
      "clip_ratio/low_mean": 6.59192053717561e-05,
      "clip_ratio/low_min": 6.59192053717561e-05,
      "clip_ratio/region_mean": 0.00023674135154578836,
      "completions/clipped_ratio": 0.1,
      "completions/max_length": 454.7,
      "completions/mean_length": 274.56875,
      "completions/min_length": 145.8,
      "epoch": 0.012953367875647668,
      "frac_reward_zero_std": 0.1,
      "grad_norm": 0.16141608357429504,
      "kl": 0.04712189654819667,
      "learning_rate": 9.397368756032445e-05,
      "loss": 0.005854883790016174,
      "reward": 0.7852740824222565,
      "reward_std": 0.26137410774827,
      "rewards/GRPOAccuracyReward/mean": 0.7852740824222565,
      "rewards/GRPOAccuracyReward/std": 0.40240889731794593,
      "step": 60
    },
    {
      "clip_ratio/high_max": 0.00015745677810627968,
      "clip_ratio/high_mean": 0.00015745677810627968,
      "clip_ratio/low_mean": 0.0,
      "clip_ratio/low_min": 0.0,
      "clip_ratio/region_mean": 0.00015745677810627968,
      "completions/clipped_ratio": 0.025,
      "completions/max_length": 433.7,
      "completions/mean_length": 265.73125,
      "completions/min_length": 143.0,
      "epoch": 0.015112262521588947,
      "frac_reward_zero_std": 0.1,
      "grad_norm": 0.08484186232089996,
      "kl": 0.04952422427013516,
      "learning_rate": 9.108889076126226e-05,
      "loss": 0.005068617314100266,
      "reward": 0.8147978067398072,
      "reward_std": 0.2688684552907944,
      "rewards/GRPOAccuracyReward/mean": 0.8147978067398072,
      "rewards/GRPOAccuracyReward/std": 0.39049550928175447,
      "step": 70
    },
    {
      "clip_ratio/high_max": 0.0,
      "clip_ratio/high_mean": 0.0,
      "clip_ratio/low_mean": 1.5928639913909138e-05,
      "clip_ratio/low_min": 1.5928639913909138e-05,
      "clip_ratio/region_mean": 1.5928639913909138e-05,
      "completions/clipped_ratio": 0.49375,
      "completions/max_length": 486.9,
      "completions/mean_length": 366.75625,
      "completions/min_length": 131.7,
      "epoch": 0.017271157167530225,
      "frac_reward_zero_std": 0.35,
      "grad_norm": 0.7394248843193054,
      "kl": 1.3144866989925503,
      "learning_rate": 8.770533048884482e-05,
      "loss": 0.07642577886581421,
      "reward": 0.33313134461641314,
      "reward_std": 0.30279854834079745,
      "rewards/GRPOAccuracyReward/mean": 0.33313134461641314,
      "rewards/GRPOAccuracyReward/std": 0.35675581991672517,