{
  "best_global_step": null,
  "best_metric": null,
  "best_model_checkpoint": null,
  "epoch": 0.013358268768367619,
  "eval_steps": 100.0,
  "global_step": 100,
  "is_hyper_param_search": false,
  "is_local_process_zero": true,
  "is_world_process_zero": true,
  "log_history": [
    {
      "clip_ratio/high_max": 0.0,
      "clip_ratio/high_mean": 0.0,
      "clip_ratio/low_mean": 0.0,
      "clip_ratio/low_min": 0.0,
      "clip_ratio/region_mean": 0.0,
      "completions/clipped_ratio": 0.0625,
      "completions/max_length": 512.0,
      "completions/mean_length": 191.6875,
      "completions/min_length": 90.0,
      "epoch": 0.0001335826876836762,
      "frac_reward_zero_std": 0.5,
      "grad_norm": 0.0759507268667221,
      "kl": 0.0,
      "learning_rate": 6.666666666666667e-06,
      "loss": 0.03401265665888786,
      "reward": 0.3821733295917511,
      "reward_std": 0.23610344529151917,
      "rewards/GRPOAccuracyReward/mean": 0.3821733295917511,
      "rewards/GRPOAccuracyReward/std": 0.5097554922103882,
      "step": 1
    },
    {
      "clip_ratio/high_max": 5.468376912176609e-05,
      "clip_ratio/high_mean": 5.468376912176609e-05,
      "clip_ratio/low_mean": 4.5314482930633756e-05,
      "clip_ratio/low_min": 4.5314482930633756e-05,
      "clip_ratio/region_mean": 9.999825205239985e-05,
      "completions/clipped_ratio": 0.041666666666666664,
      "completions/max_length": 374.55555555555554,
      "completions/mean_length": 212.83333333333334,
      "completions/min_length": 116.55555555555556,
      "epoch": 0.0013358268768367619,
      "frac_reward_zero_std": 0.6666666666666666,
      "grad_norm": 0.07866265624761581,
      "kl": 0.00018372686301720224,
      "learning_rate": 6.666666666666667e-05,
      "loss": 0.012465680638949076,
      "reward": 0.10459822995795144,
      "reward_std": 0.1458531634675132,
      "rewards/GRPOAccuracyReward/mean": 0.10459822995795144,
      "rewards/GRPOAccuracyReward/std": 0.23284306128819784,
      "step": 10
    },
    {
      "clip_ratio/high_max": 7.437698513967916e-05,
      "clip_ratio/high_mean": 7.437698513967916e-05,
      "clip_ratio/low_mean": 1.5179112961050122e-05,
      "clip_ratio/low_min": 1.5179112961050122e-05,
      "clip_ratio/region_mean": 8.955609810072929e-05,
      "completions/clipped_ratio": 0.19375,
      "completions/max_length": 461.7,
      "completions/mean_length": 262.70625,
      "completions/min_length": 122.3,
      "epoch": 0.0026716537536735237,
      "frac_reward_zero_std": 0.65,
      "grad_norm": 0.09079667180776596,
      "kl": 0.002908586561534321,
      "learning_rate": 9.992407582166581e-05,
      "loss": 0.004950714856386184,
      "reward": 0.10838538110256195,
      "reward_std": 0.16352604925632477,
      "rewards/GRPOAccuracyReward/mean": 0.10838538110256195,
      "rewards/GRPOAccuracyReward/std": 0.23336309790611268,
      "step": 20
    },
    {
      "clip_ratio/high_max": 0.00011901261023012921,
      "clip_ratio/high_mean": 0.00011901261023012921,
      "clip_ratio/low_mean": 0.0,
      "clip_ratio/low_min": 0.0,
      "clip_ratio/region_mean": 0.00011901261023012921,
      "completions/clipped_ratio": 0.06875,
      "completions/max_length": 396.3,
      "completions/mean_length": 263.96875,
      "completions/min_length": 140.2,
      "epoch": 0.004007480630510286,
      "frac_reward_zero_std": 0.35,
      "grad_norm": 0.07792830467224121,
      "kl": 0.033054594253189865,
      "learning_rate": 9.931806517013612e-05,
      "loss": -0.006999329477548599,
      "reward": 0.4790509380400181,
      "reward_std": 0.21093609668314456,
      "rewards/GRPOAccuracyReward/mean": 0.4790509380400181,
      "rewards/GRPOAccuracyReward/std": 0.35747005958110095,
      "step": 30
    },
    {
      "clip_ratio/high_max": 0.00016095261671580374,
      "clip_ratio/high_mean": 0.00016095261671580374,
      "clip_ratio/low_mean": 1.4355441089719534e-05,
      "clip_ratio/low_min": 1.4355441089719534e-05,
      "clip_ratio/region_mean": 0.00017530805780552328,
      "completions/clipped_ratio": 0.175,
      "completions/max_length": 375.5,
      "completions/mean_length": 295.2625,
      "completions/min_length": 189.3,
      "epoch": 0.0053433075073470475,
      "frac_reward_zero_std": 0.2,
      "grad_norm": 0.08202919363975525,
      "kl": 0.056770373054314406,
      "learning_rate": 9.811340001546251e-05,
      "loss": -0.007322812825441361,
      "reward": 0.7185154110193253,
      "reward_std": 0.12595494352281095,
      "rewards/GRPOAccuracyReward/mean": 0.7185154110193253,
      "rewards/GRPOAccuracyReward/std": 0.19243695121258497,
      "step": 40
    },
    {
      "clip_ratio/high_max": 0.0002605617220979184,
      "clip_ratio/high_mean": 0.0002605617220979184,
      "clip_ratio/low_mean": 0.0,
      "clip_ratio/low_min": 0.0,
      "clip_ratio/region_mean": 0.0002605617220979184,
      "completions/clipped_ratio": 0.15,
      "completions/max_length": 469.7,
      "completions/mean_length": 333.79375,
      "completions/min_length": 204.4,
      "epoch": 0.0066791343841838095,
      "frac_reward_zero_std": 0.1,
      "grad_norm": 0.06774500012397766,
      "kl": 0.048175593256019056,
      "learning_rate": 9.632470336074009e-05,
      "loss": 0.014376989006996155,
      "reward": 0.6933598980307579,
      "reward_std": 0.2742656670510769,
      "rewards/GRPOAccuracyReward/mean": 0.6933598980307579,
      "rewards/GRPOAccuracyReward/std": 0.43671137690544126,
      "step": 50
    },
    {
      "clip_ratio/high_max": 0.00020463217224460096,
      "clip_ratio/high_mean": 0.00020463217224460096,
      "clip_ratio/low_mean": 1.2239902571309357e-05,
      "clip_ratio/low_min": 1.2239902571309357e-05,
      "clip_ratio/region_mean": 0.0002168720748159103,
      "completions/clipped_ratio": 0.1625,
      "completions/max_length": 417.6,
      "completions/mean_length": 285.5375,
      "completions/min_length": 163.7,
      "epoch": 0.008014961261020572,
      "frac_reward_zero_std": 0.2,
      "grad_norm": 0.04883432015776634,
      "kl": 0.07428998770192266,
      "learning_rate": 9.397368756032445e-05,
      "loss": -0.000375355314463377,
      "reward": 0.7023672342300415,
      "reward_std": 0.17886848556809126,
      "rewards/GRPOAccuracyReward/mean": 0.7023672342300415,
      "rewards/GRPOAccuracyReward/std": 0.4090845881961286,
      "step": 60
    },
    {
      "clip_ratio/high_max": 0.00013182505790609866,
      "clip_ratio/high_mean": 0.00013182505790609866,
      "clip_ratio/low_mean": 3.236245829612017e-05,
      "clip_ratio/low_min": 3.236245829612017e-05,
      "clip_ratio/region_mean": 0.00016418751620221882,
      "completions/clipped_ratio": 0.1375,
      "completions/max_length": 440.5,
      "completions/mean_length": 292.025,
      "completions/min_length": 159.4,
      "epoch": 0.009350788137857334,
      "frac_reward_zero_std": 0.15,
      "grad_norm": 0.10835014283657074,
      "kl": 0.07374324817210436,
      "learning_rate": 9.108889076126226e-05,
      "loss": 0.017534083127975462,
      "reward": 0.7592832565307617,
      "reward_std": 0.17125052972696722,
      "rewards/GRPOAccuracyReward/mean": 0.7592832565307617,
      "rewards/GRPOAccuracyReward/std": 0.355426537245512,
      "step": 70
    },
    {
      "clip_ratio/high_max": 8.584005408920347e-05,
      "clip_ratio/high_mean": 8.584005408920347e-05,
      "clip_ratio/low_mean": 0.0,
      "clip_ratio/low_min": 0.0,
      "clip_ratio/region_mean": 8.584005408920347e-05,
      "completions/clipped_ratio": 0.14375,
      "completions/max_length": 434.6,
      "completions/mean_length": 283.6375,
      "completions/min_length": 159.9,
      "epoch": 0.010686615014694095,
      "frac_reward_zero_std": 0.25,
      "grad_norm": 0.11117928475141525,
      "kl": 0.09290761658921838,
      "learning_rate": 8.770533048884482e-05,
      "loss": 0.006086123362183571,
      "reward": 0.6039929330348969,
      "reward_std": 0.17056703181006014,