{
  "best_global_step": null,
  "best_metric": null,
  "best_model_checkpoint": null,
  "epoch": 0.013358268768367619,
  "eval_steps": 100.0,
  "global_step": 100,
  "is_hyper_param_search": false,
  "is_local_process_zero": true,
  "is_world_process_zero": true,
  "log_history": [
    {
      "clip_ratio/high_max": 0.0,
      "clip_ratio/high_mean": 0.0,
      "clip_ratio/low_mean": 0.0,
      "clip_ratio/low_min": 0.0,
      "clip_ratio/region_mean": 0.0,
      "completions/clipped_ratio": 0.0,
      "completions/max_length": 243.0,
      "completions/mean_length": 134.625,
      "completions/min_length": 90.0,
      "epoch": 0.0001335826876836762,
      "frac_reward_zero_std": 0.5,
      "grad_norm": 0.1090325340628624,
      "kl": 0.0,
      "learning_rate": 6.666666666666667e-06,
      "loss": -0.006813060026615858,
      "reward": 0.37909117341041565,
      "reward_std": 0.234066441655159,
      "rewards/GRPOAccuracyReward/mean": 0.37909117341041565,
      "rewards/GRPOAccuracyReward/std": 0.505529522895813,
      "step": 1
    },
    {
      "clip_ratio/high_max": 1.5800783229577872e-05,
      "clip_ratio/high_mean": 1.5800783229577872e-05,
      "clip_ratio/low_mean": 0.0,
      "clip_ratio/low_min": 0.0,
      "clip_ratio/region_mean": 1.5800783229577872e-05,
      "completions/clipped_ratio": 0.06944444444444445,
      "completions/max_length": 395.1111111111111,
      "completions/mean_length": 216.18055555555554,
      "completions/min_length": 104.77777777777777,
      "epoch": 0.0013358268768367619,
      "frac_reward_zero_std": 0.7222222222222222,
      "grad_norm": 0.07527399063110352,
      "kl": 0.00023954949008637213,
      "learning_rate": 6.666666666666667e-05,
      "loss": 0.0019342299136850569,
      "reward": 0.0978092650572459,
      "reward_std": 0.12341960436768001,
      "rewards/GRPOAccuracyReward/mean": 0.0978092650572459,
      "rewards/GRPOAccuracyReward/std": 0.20131347245640224,
      "step": 10
    },
    {
      "clip_ratio/high_max": 0.0,
      "clip_ratio/high_mean": 0.0,
      "clip_ratio/low_mean": 0.0,
      "clip_ratio/low_min": 0.0,
      "clip_ratio/region_mean": 0.0,
      "completions/clipped_ratio": 0.11875,
      "completions/max_length": 442.3,
      "completions/mean_length": 231.91875,
      "completions/min_length": 87.2,
      "epoch": 0.0026716537536735237,
      "frac_reward_zero_std": 0.65,
      "grad_norm": 0.11522790044546127,
      "kl": 0.0020980689107091164,
      "learning_rate": 9.992407582166581e-05,
      "loss": 0.004713410511612892,
      "reward": 0.10780583918094636,
      "reward_std": 0.16372807770967485,
      "rewards/GRPOAccuracyReward/mean": 0.10780583918094636,
      "rewards/GRPOAccuracyReward/std": 0.2303170382976532,
      "step": 20
    },
    {
      "clip_ratio/high_max": 3.210815484635532e-05,
      "clip_ratio/high_mean": 3.210815484635532e-05,
      "clip_ratio/low_mean": 0.0,
      "clip_ratio/low_min": 0.0,
      "clip_ratio/region_mean": 3.210815484635532e-05,
      "completions/clipped_ratio": 0.0375,
      "completions/max_length": 399.3,
      "completions/mean_length": 257.44375,
      "completions/min_length": 134.4,
      "epoch": 0.004007480630510286,
      "frac_reward_zero_std": 0.55,
      "grad_norm": 0.07641197741031647,
      "kl": 0.016990185860777274,
      "learning_rate": 9.931806517013612e-05,
      "loss": -0.0035683702677488326,
      "reward": 0.3655475124716759,
      "reward_std": 0.10606160555034876,
      "rewards/GRPOAccuracyReward/mean": 0.3655475124716759,
      "rewards/GRPOAccuracyReward/std": 0.25526618454605343,
      "step": 30
    },
    {
      "clip_ratio/high_max": 4.42290140199475e-05,
      "clip_ratio/high_mean": 4.42290140199475e-05,
      "clip_ratio/low_mean": 0.00010828369995579124,
      "clip_ratio/low_min": 0.00010828369995579124,
      "clip_ratio/region_mean": 0.00015251271397573874,
      "completions/clipped_ratio": 0.1375,
      "completions/max_length": 394.0,
      "completions/mean_length": 287.3375,
      "completions/min_length": 186.1,
      "epoch": 0.0053433075073470475,
      "frac_reward_zero_std": 0.5,
      "grad_norm": 0.08029592037200928,
      "kl": 0.031668538320809604,
      "learning_rate": 9.811340001546251e-05,
      "loss": 0.0101618230342865,
      "reward": 0.3357734829187393,
      "reward_std": 0.17136535700410604,
      "rewards/GRPOAccuracyReward/mean": 0.3357734829187393,
      "rewards/GRPOAccuracyReward/std": 0.32801815271377566,
      "step": 40
    },
    {
      "clip_ratio/high_max": 0.00032431027793791147,
      "clip_ratio/high_mean": 0.00032431027793791147,
      "clip_ratio/low_mean": 1.4277556329034268e-05,
      "clip_ratio/low_min": 1.4277556329034268e-05,
      "clip_ratio/region_mean": 0.00033858783426694573,
      "completions/clipped_ratio": 0.175,
      "completions/max_length": 471.2,
      "completions/mean_length": 330.2625,
      "completions/min_length": 209.6,
      "epoch": 0.0066791343841838095,
      "frac_reward_zero_std": 0.1,
      "grad_norm": 0.06669370085000992,
      "kl": 0.04834108641371131,
      "learning_rate": 9.632470336074009e-05,
      "loss": 0.017677706480026246,
      "reward": 0.6952169716358185,
      "reward_std": 0.3034903272986412,
      "rewards/GRPOAccuracyReward/mean": 0.6952169716358185,
      "rewards/GRPOAccuracyReward/std": 0.42734146416187285,
      "step": 50
    },
    {
      "clip_ratio/high_max": 0.00010504366655368358,
      "clip_ratio/high_mean": 0.00010504366655368358,
      "clip_ratio/low_mean": 0.0,
      "clip_ratio/low_min": 0.0,
      "clip_ratio/region_mean": 0.00010504366655368358,
      "completions/clipped_ratio": 0.15625,
      "completions/max_length": 425.9,
      "completions/mean_length": 282.74375,
      "completions/min_length": 149.5,
      "epoch": 0.008014961261020572,
      "frac_reward_zero_std": 0.15,
      "grad_norm": 0.05201030895113945,
      "kl": 0.07018716232851148,
      "learning_rate": 9.397368756032445e-05,
      "loss": 0.016056519746780396,
      "reward": 0.7331856489181519,
      "reward_std": 0.14745261082425715,
      "rewards/GRPOAccuracyReward/mean": 0.7331856489181519,
      "rewards/GRPOAccuracyReward/std": 0.3773122194223106,
      "step": 60
    },
    {
      "clip_ratio/high_max": 0.00015048724453663452,
      "clip_ratio/high_mean": 0.00015048724453663452,
      "clip_ratio/low_mean": 0.0,
      "clip_ratio/low_min": 0.0,
      "clip_ratio/region_mean": 0.00015048724453663452,
      "completions/clipped_ratio": 0.1125,
      "completions/max_length": 425.6,
      "completions/mean_length": 279.9,
      "completions/min_length": 159.6,
      "epoch": 0.009350788137857334,
      "frac_reward_zero_std": 0.15,
      "grad_norm": 0.1279241293668747,
      "kl": 0.07083464628085494,
      "learning_rate": 9.108889076126226e-05,
      "loss": 0.01792502999305725,
      "reward": 0.7736441761255264,
      "reward_std": 0.15582157378084957,
      "rewards/GRPOAccuracyReward/mean": 0.7736441761255264,
      "rewards/GRPOAccuracyReward/std": 0.35526088941842315,
      "step": 70
    },
    {
      "clip_ratio/high_max": 0.00024219476763391866,
      "clip_ratio/high_mean": 0.00024219476763391866,
      "clip_ratio/low_mean": 1.6260163101833312e-05,
      "clip_ratio/low_min": 1.6260163101833312e-05,
      "clip_ratio/region_mean": 0.000258454930735752,
      "completions/clipped_ratio": 0.10625,
      "completions/max_length": 440.4,
      "completions/mean_length": 273.91875,
      "completions/min_length": 157.5,
      "epoch": 0.010686615014694095,
      "frac_reward_zero_std": 0.2,
      "grad_norm": 0.10324656963348389,
      "kl": 0.0769401865079999,
      "learning_rate": 8.770533048884482e-05,
      "loss": 0.0012104757130146026,
      "reward": 0.6563924849033356,
      "reward_std": 0.16021169051527978,
      "rewards/GRPOAccuracyReward/mean": 0.6563924849033356,
      "rewards/GRPOAccuracyReward/std": 0.444144026748836,