{
  "best_global_step": null,
  "best_metric": null,
  "best_model_checkpoint": null,
  "epoch": 0.026716537536735238,
  "eval_steps": 100.0,
  "global_step": 200,
  "is_hyper_param_search": false,
  "is_local_process_zero": true,
  "is_world_process_zero": true,
  "log_history": [
    {
      "clip_ratio/high_max": 0.0,
      "clip_ratio/high_mean": 0.0,
      "clip_ratio/low_mean": 0.0,
      "clip_ratio/low_min": 0.0,
      "clip_ratio/region_mean": 0.0,
      "completions/clipped_ratio": 0.0,
      "completions/max_length": 478.0,
      "completions/mean_length": 175.625,
      "completions/min_length": 86.0,
      "epoch": 0.0001335826876836762,
      "frac_reward_zero_std": 0.5,
      "grad_norm": 0.17706330120563507,
      "kl": 0.0,
      "learning_rate": 6.666666666666667e-06,
      "loss": -0.08007986843585968,
      "reward": 0.38506102561950684,
      "reward_std": 0.23793593049049377,
      "rewards/GRPOAccuracyReward/mean": 0.38506102561950684,
      "rewards/GRPOAccuracyReward/std": 0.513649046421051,
      "step": 1
    },
    {
      "clip_ratio/high_max": 4.177109480628537e-05,
      "clip_ratio/high_mean": 4.177109480628537e-05,
      "clip_ratio/low_mean": 0.0,
      "clip_ratio/low_min": 0.0,
      "clip_ratio/region_mean": 4.177109480628537e-05,
      "completions/clipped_ratio": 0.0625,
      "completions/max_length": 355.6666666666667,
      "completions/mean_length": 209.84722222222223,
      "completions/min_length": 110.0,
      "epoch": 0.0013358268768367619,
      "frac_reward_zero_std": 0.7777777777777778,
      "grad_norm": 0.00025845819618552923,
      "kl": 0.0001790724814377932,
      "learning_rate": 6.666666666666667e-05,
      "loss": 0.009638998243543837,
      "reward": 0.06291062467628056,
      "reward_std": 0.08529008097118801,
      "rewards/GRPOAccuracyReward/mean": 0.06291062467628056,
      "rewards/GRPOAccuracyReward/std": 0.13991104894214207,
      "step": 10
    },
    {
      "clip_ratio/high_max": 2.798014902509749e-05,
      "clip_ratio/high_mean": 2.798014902509749e-05,
      "clip_ratio/low_mean": 0.0,
      "clip_ratio/low_min": 0.0,
      "clip_ratio/region_mean": 2.798014902509749e-05,
      "completions/clipped_ratio": 0.18125,
      "completions/max_length": 474.1,
      "completions/mean_length": 281.325,
      "completions/min_length": 96.2,
      "epoch": 0.0026716537536735237,
      "frac_reward_zero_std": 0.7,
      "grad_norm": 0.061186935752630234,
      "kl": 0.003272977268352406,
      "learning_rate": 9.992407582166581e-05,
      "loss": 0.008559466153383256,
      "reward": 0.14087359607219696,
      "reward_std": 0.14519382268190384,
      "rewards/GRPOAccuracyReward/mean": 0.14087359607219696,
      "rewards/GRPOAccuracyReward/std": 0.2267833411693573,
      "step": 20
    },
    {
      "clip_ratio/high_max": 3.850075736409053e-05,
      "clip_ratio/high_mean": 3.850075736409053e-05,
      "clip_ratio/low_mean": 1.982553512789309e-05,
      "clip_ratio/low_min": 1.982553512789309e-05,
      "clip_ratio/region_mean": 5.832629249198362e-05,
      "completions/clipped_ratio": 0.09375,
      "completions/max_length": 385.1,
      "completions/mean_length": 254.8375,
      "completions/min_length": 105.8,
      "epoch": 0.004007480630510286,
      "frac_reward_zero_std": 0.6,
      "grad_norm": 0.08192724734544754,
      "kl": 0.00562556269869674,
      "learning_rate": 9.931806517013612e-05,
      "loss": 0.009313286095857621,
      "reward": 0.19778766855597496,
      "reward_std": 0.16145683163776994,
      "rewards/GRPOAccuracyReward/mean": 0.19778766855597496,
      "rewards/GRPOAccuracyReward/std": 0.3061130166053772,
      "step": 30
    },
    {
      "clip_ratio/high_max": 1.967729185707867e-05,
      "clip_ratio/high_mean": 1.967729185707867e-05,
      "clip_ratio/low_mean": 1.277139235753566e-05,
      "clip_ratio/low_min": 1.277139235753566e-05,
      "clip_ratio/region_mean": 3.244868421461433e-05,
      "completions/clipped_ratio": 0.1375,
      "completions/max_length": 350.2,
      "completions/mean_length": 263.6,
      "completions/min_length": 173.3,
      "epoch": 0.0053433075073470475,
      "frac_reward_zero_std": 0.8,
      "grad_norm": 0.003362025134265423,
      "kl": 0.010411670722533017,
      "learning_rate": 9.811340001546251e-05,
      "loss": 7.034408627077937e-05,
      "reward": 0.12160415649414062,
      "reward_std": 0.07993760136887432,
      "rewards/GRPOAccuracyReward/mean": 0.12160415649414062,
      "rewards/GRPOAccuracyReward/std": 0.14656580090522767,
      "step": 40
    },
    {
      "clip_ratio/high_max": 5.392660241341218e-05,
      "clip_ratio/high_mean": 5.392660241341218e-05,
      "clip_ratio/low_mean": 1.3408419908955693e-05,
      "clip_ratio/low_min": 1.3408419908955693e-05,
      "clip_ratio/region_mean": 6.733502232236788e-05,
      "completions/clipped_ratio": 0.13125,
      "completions/max_length": 453.0,
      "completions/mean_length": 295.00625,
      "completions/min_length": 170.1,
      "epoch": 0.0066791343841838095,
      "frac_reward_zero_std": 0.5,
      "grad_norm": 0.0029842029325664043,
      "kl": 0.0199099033838138,
      "learning_rate": 9.632470336074009e-05,
      "loss": 0.003121417388319969,
      "reward": 0.37651246786117554,
      "reward_std": 0.14876197357662022,
      "rewards/GRPOAccuracyReward/mean": 0.37651246786117554,
      "rewards/GRPOAccuracyReward/std": 0.3425089120864868,
      "step": 50
    },
    {
      "clip_ratio/high_max": 0.0,
      "clip_ratio/high_mean": 0.0,
      "clip_ratio/low_mean": 0.0,
      "clip_ratio/low_min": 0.0,
      "clip_ratio/region_mean": 0.0,
      "completions/clipped_ratio": 0.1625,
      "completions/max_length": 373.2,
      "completions/mean_length": 242.10625,
      "completions/min_length": 109.7,
      "epoch": 0.008014961261020572,
      "frac_reward_zero_std": 0.75,
      "grad_norm": 0.004416006617248058,
      "kl": 0.018198043992742895,
      "learning_rate": 9.397368756032445e-05,
      "loss": 0.0034305505454540254,
      "reward": 0.1341182567179203,
      "reward_std": 0.06471842960454524,
      "rewards/GRPOAccuracyReward/mean": 0.1341182567179203,
      "rewards/GRPOAccuracyReward/std": 0.17304950952529907,
      "step": 60
    },
    {
      "clip_ratio/high_max": 0.0001010027583106421,
      "clip_ratio/high_mean": 0.0001010027583106421,
      "clip_ratio/low_mean": 1.5037594130262732e-05,
      "clip_ratio/low_min": 1.5037594130262732e-05,
      "clip_ratio/region_mean": 0.00011604035244090482,
      "completions/clipped_ratio": 0.0875,
      "completions/max_length": 411.1,
      "completions/mean_length": 259.1375,
      "completions/min_length": 143.0,
      "epoch": 0.009350788137857334,
      "frac_reward_zero_std": 0.55,
      "grad_norm": 0.1250273734331131,
      "kl": 0.025396489584818483,
      "learning_rate": 9.108889076126226e-05,
      "loss": 0.005834056437015534,
      "reward": 0.2738653361797333,
      "reward_std": 0.14350175987929106,
      "rewards/GRPOAccuracyReward/mean": 0.2738653361797333,
      "rewards/GRPOAccuracyReward/std": 0.24883549511432648,
      "step": 70
    },
    {
      "clip_ratio/high_max": 0.0003112674196017906,
      "clip_ratio/high_mean": 0.0003112674196017906,
      "clip_ratio/low_mean": 4.006575763924047e-05,
      "clip_ratio/low_min": 4.006575763924047e-05,
      "clip_ratio/region_mean": 0.0003513331772410311,
      "completions/clipped_ratio": 0.1125,
      "completions/max_length": 416.1,
      "completions/mean_length": 247.7375,
      "completions/min_length": 116.1,
      "epoch": 0.010686615014694095,
      "frac_reward_zero_std": 0.25,
      "grad_norm": 0.1421358287334442,
      "kl": 0.10365474307909608,
      "learning_rate": 8.770533048884482e-05,
      "loss": 0.009802841395139695,
      "reward": 0.49186485111713407,
      "reward_std": 0.29088943521492183,
      "rewards/GRPOAccuracyReward/mean": 0.49186485111713407,