{
  "best_global_step": null,
  "best_metric": null,
  "best_model_checkpoint": null,
  "epoch": 0.026716537536735238,
  "eval_steps": 100.0,
  "global_step": 200,
  "is_hyper_param_search": false,
  "is_local_process_zero": true,
  "is_world_process_zero": true,
  "log_history": [
    {
      "clip_ratio/high_max": 0.0,
      "clip_ratio/high_mean": 0.0,
      "clip_ratio/low_mean": 0.0,
      "clip_ratio/low_min": 0.0,
      "clip_ratio/region_mean": 0.0,
      "completions/clipped_ratio": 0.0,
      "completions/max_length": 192.0,
      "completions/mean_length": 132.75,
      "completions/min_length": 90.0,
      "epoch": 0.0001335826876836762,
      "frac_reward_zero_std": 0.5,
      "grad_norm": 0.1210763156414032,
      "kl": 0.0,
      "learning_rate": 6.666666666666667e-06,
      "loss": 0.010782008990645409,
      "reward": 0.2517474293708801,
      "reward_std": 0.2691454589366913,
      "rewards/GRPOAccuracyReward/mean": 0.2517474293708801,
      "rewards/GRPOAccuracyReward/std": 0.4503575265407562,
      "step": 1
    },
    {
      "clip_ratio/high_max": 5.250997815488113e-05,
      "clip_ratio/high_mean": 5.250997815488113e-05,
      "clip_ratio/low_mean": 0.0,
      "clip_ratio/low_min": 0.0,
      "clip_ratio/region_mean": 5.250997815488113e-05,
      "completions/clipped_ratio": 0.034722222222222224,
      "completions/max_length": 374.55555555555554,
      "completions/mean_length": 207.35416666666666,
      "completions/min_length": 110.77777777777777,
      "epoch": 0.0013358268768367619,
      "frac_reward_zero_std": 0.7222222222222222,
      "grad_norm": 0.00040902968612499535,
      "kl": 0.00021678638262932913,
      "learning_rate": 6.666666666666667e-05,
      "loss": 0.008577932086255815,
      "reward": 0.0977300355831782,
      "reward_std": 0.12631235851181877,
      "rewards/GRPOAccuracyReward/mean": 0.0977300355831782,
      "rewards/GRPOAccuracyReward/std": 0.2052161561118232,
      "step": 10
    },
    {
      "clip_ratio/high_max": 3.2520326203666625e-05,
      "clip_ratio/high_mean": 3.2520326203666625e-05,
      "clip_ratio/low_mean": 0.00014968339819461108,
      "clip_ratio/low_min": 0.00014968339819461108,
      "clip_ratio/region_mean": 0.0001822037243982777,
      "completions/clipped_ratio": 0.125,
      "completions/max_length": 454.0,
      "completions/mean_length": 229.2125,
      "completions/min_length": 79.9,
      "epoch": 0.0026716537536735237,
      "frac_reward_zero_std": 0.55,
      "grad_norm": 0.06885389983654022,
      "kl": 0.003892974874179345,
      "learning_rate": 9.992407582166581e-05,
      "loss": 0.006003198027610779,
      "reward": 0.1276155926287174,
      "reward_std": 0.19337788224220276,
      "rewards/GRPOAccuracyReward/mean": 0.1276155926287174,
      "rewards/GRPOAccuracyReward/std": 0.25916571617126466,
      "step": 20
    },
    {
      "clip_ratio/high_max": 9.426569449715317e-05,
      "clip_ratio/high_mean": 9.426569449715317e-05,
      "clip_ratio/low_mean": 1.5460730355698616e-05,
      "clip_ratio/low_min": 1.5460730355698616e-05,
      "clip_ratio/region_mean": 0.00010972642485285178,
      "completions/clipped_ratio": 0.0625,
      "completions/max_length": 426.7,
      "completions/mean_length": 236.6625,
      "completions/min_length": 101.7,
      "epoch": 0.004007480630510286,
      "frac_reward_zero_std": 0.35,
      "grad_norm": 0.0634608343243599,
      "kl": 0.04094326251652092,
      "learning_rate": 9.931806517013612e-05,
      "loss": 0.008178961277008057,
      "reward": 0.412909035384655,
      "reward_std": 0.21054670661687852,
      "rewards/GRPOAccuracyReward/mean": 0.412909035384655,
      "rewards/GRPOAccuracyReward/std": 0.3432282296940684,
      "step": 30
    },
    {
      "clip_ratio/high_max": 0.00015386178711196408,
      "clip_ratio/high_mean": 0.00015386178711196408,
      "clip_ratio/low_mean": 1.2639029591809958e-05,
      "clip_ratio/low_min": 1.2639029591809958e-05,
      "clip_ratio/region_mean": 0.00016650081670377403,
      "completions/clipped_ratio": 0.14375,
      "completions/max_length": 400.9,
      "completions/mean_length": 296.3125,
      "completions/min_length": 175.5,
      "epoch": 0.0053433075073470475,
      "frac_reward_zero_std": 0.2,
      "grad_norm": 0.07132116705179214,
      "kl": 0.05772367035970092,
      "learning_rate": 9.811340001546251e-05,
      "loss": 0.002086913026869297,
      "reward": 0.6545068427920342,
      "reward_std": 0.14669524673372508,
      "rewards/GRPOAccuracyReward/mean": 0.6545068427920342,
      "rewards/GRPOAccuracyReward/std": 0.24762745220214127,
      "step": 40
    },
    {
      "clip_ratio/high_max": 0.00010278650734107941,
      "clip_ratio/high_mean": 0.00010278650734107941,
      "clip_ratio/low_mean": 4.94902633363381e-05,
      "clip_ratio/low_min": 4.94902633363381e-05,
      "clip_ratio/region_mean": 0.00015227677067741752,
      "completions/clipped_ratio": 0.21875,
      "completions/max_length": 493.6,
      "completions/mean_length": 340.83125,
      "completions/min_length": 210.0,
      "epoch": 0.0066791343841838095,
      "frac_reward_zero_std": 0.1,
      "grad_norm": 0.06263411045074463,
      "kl": 0.05539914986584336,
      "learning_rate": 9.632470336074009e-05,
      "loss": 0.017916558682918547,
      "reward": 0.6276430860161781,
      "reward_std": 0.30156810730695727,
      "rewards/GRPOAccuracyReward/mean": 0.6276430860161781,
      "rewards/GRPOAccuracyReward/std": 0.45307729542255404,
      "step": 50
    },
    {
      "clip_ratio/high_max": 6.354674114845693e-05,
      "clip_ratio/high_mean": 6.354674114845693e-05,
      "clip_ratio/low_mean": 0.0,
      "clip_ratio/low_min": 0.0,
      "clip_ratio/region_mean": 6.354674114845693e-05,
      "completions/clipped_ratio": 0.2,
      "completions/max_length": 442.6,
      "completions/mean_length": 295.525,
      "completions/min_length": 153.4,
      "epoch": 0.008014961261020572,
      "frac_reward_zero_std": 0.25,
      "grad_norm": 0.06365729868412018,
      "kl": 0.07883489802479744,
      "learning_rate": 9.397368756032445e-05,
      "loss": 0.003341503068804741,
      "reward": 0.6751243472099304,
      "reward_std": 0.168761322600767,
      "rewards/GRPOAccuracyReward/mean": 0.6751243472099304,
      "rewards/GRPOAccuracyReward/std": 0.417806369997561,
      "step": 60
    },
    {
      "clip_ratio/high_max": 0.0001742170876241289,
      "clip_ratio/high_mean": 0.0001742170876241289,
      "clip_ratio/low_mean": 6.937405851203948e-05,
      "clip_ratio/low_min": 6.937405851203948e-05,
      "clip_ratio/region_mean": 0.00024359114613616839,
      "completions/clipped_ratio": 0.2,
      "completions/max_length": 463.5,
      "completions/mean_length": 314.00625,
      "completions/min_length": 171.2,
      "epoch": 0.009350788137857334,
      "frac_reward_zero_std": 0.2,
      "grad_norm": 0.4983021020889282,
      "kl": 0.09988065417855978,
      "learning_rate": 9.108889076126226e-05,
      "loss": 0.04024816751480102,
      "reward": 0.6706123024225235,
      "reward_std": 0.23077851235866548,
      "rewards/GRPOAccuracyReward/mean": 0.6706123024225235,
      "rewards/GRPOAccuracyReward/std": 0.39755868557840585,
      "step": 70
    },
    {
      "clip_ratio/high_max": 0.0002651287039043382,
      "clip_ratio/high_mean": 0.0002651287039043382,
      "clip_ratio/low_mean": 0.0002893964629038237,
      "clip_ratio/low_min": 0.0002893964629038237,
      "clip_ratio/region_mean": 0.0005545251668081618,
      "completions/clipped_ratio": 0.4875,
      "completions/max_length": 512.0,
      "completions/mean_length": 353.5875,
      "completions/min_length": 115.3,
      "epoch": 0.010686615014694095,
      "frac_reward_zero_std": 0.4,
      "grad_norm": 0.9333906769752502,
      "kl": 2.648894465714693,
      "learning_rate": 8.770533048884482e-05,
      "loss": 0.13635889291763306,
      "reward": 0.21570266485214235,
      "reward_std": 0.2908993110060692,